,nome/razao social,contato,localidade,site
0,Construtora S. Canton Engenharia e Construções Ltda.Por que esse anúncio?,(19) 3016-6126,Indaiatuba - SP,/aclk?sa=l&ai=DChcSEwiEjpjH0PbsAhWCC5EKHZRTCHoYABABGgJjZQ&sig=AOD64_0lOYsJElfeE9WgK_sCmVaE2GRT0g&rct=j&q=&ctype=99&ved=0ahUKEwjl0I_H0PbsAhUOI7kGHWpNAdkQhKwBCD4&adurl=
1,Construformas - Reforma - Construção e Manutenção preventivaPor que esse anúncio?,(11) 5679-7504,São Paulo - SP,/aclk?sa=l&ai=DChcSEwiEjpjH0PbsAhWCC5EKHZRTCHoYABAAGgJjZQ&sig=AOD64_3afjNccEpxQxObfjoldL3FGc0zGw&rct=j&q=&ctype=99&ved=0ahUKEwjl0I_H0PbsAhUOI7kGHWpNAdkQhKwBCFU&adurl=
2,CONSTRUTORA ASC CHAVES,(11) 94716-5019,São Paulo - SP,http://ascchaves.com.br/
3,Construtora Gomes Lourenço,(11) 5527-6796,São Paulo - SP,http://www.gomeslourenco.com.br/
4,Safo Construtora,(12) 3861-2772,SP,Não tem
5,Tani Obras de Engenharia,(11) 3916-1111,São Paulo - SP,Não tem
6,Souza Lima Engenharia,(11) 3915-6413,São Paulo - SP,http://www.souzalimaengenharia.com.br/
7,Gesso Custodio,(11) 3916-1661,São Paulo - SP,Não tem
8,ULTRAFERRO,(11) 3911-6873,São Paulo - SP,http://www.ultraferro.com.br/
9,Engelux Comercial e Construtora,(11) 3686-3057,Osasco - SP,http://www.engelux.com.br/
10,Construtora Gomes Lourenço,(11) 3919-2510,São Paulo - SP,http://www.gomeslourenco.com.br/
11,Construtora Hudson,(11) 4157-3001,Santana de Parnaíba - SP,Não tem
12,Engepassos Construtora,(11) 3863-9751,São Paulo - SP,Não tem
13,Construtora Anastácio S/A,(11) 3696-2244,Osasco - SP,http://www.anastacio.com.br/
14,TM CORP Construtora,(11) 5081-4569,Cajamar - SP,http://www.tmcorp.com.br/
15,Construtora Gomes Lourenço,(11) 3686-5856,Osasco - SP,http://www.gomeslourenco.com.br/
16,Borges Gabioes Construtora,(11) 4448-1045,Cajamar - SP,Não tem
17,Castelo Construtora,,Barueri - SP,Não tem
18,Construtora Barros Barros Ltdm,(11) 3442-8911,São Paulo - SP,Não tem
19,JH1 CONSTRUTORA & INCORPORADORA ESTILOS,(11) 2777-7240,Cajamar - SP,https://construtoraestilos.business.site/?utm_source=gmb&utm_medium=referral
20,JBCA CONSTRUTORA E IMCORPORADORA EIRELLI LTDA,(11) 95687-1213,Cajamar - SP,Não tem
21,Walter Torre Junior Construtora,(11) 3601-2670,Osasco - SP,Não tem
22,Construtora S. Canton Engenharia e Construções Ltda.Por que esse anúncio?,(19) 3016-6126,Indaiatuba - SP,/aclk?sa=l&ai=DChcSEwiEjpjH0PbsAhWCC5EKHZRTCHoYABABGgJjZQ&sig=AOD64_0lOYsJElfeE9WgK_sCmVaE2GRT0g&rct=j&q=&ctype=99&ved=0ahUKEwjl0I_H0PbsAhUOI7kGHWpNAdkQhKwBCD4&adurl=
23,Construformas - Reforma - Construção e Manutenção preventivaPor que esse anúncio?,(11) 5679-7504,São Paulo - SP,/aclk?sa=l&ai=DChcSEwiEjpjH0PbsAhWCC5EKHZRTCHoYABAAGgJjZQ&sig=AOD64_3afjNccEpxQxObfjoldL3FGc0zGw&rct=j&q=&ctype=99&ved=0ahUKEwjl0I_H0PbsAhUOI7kGHWpNAdkQhKwBCFU&adurl=
24,CONSTRUTORA ASC CHAVES,(11) 94716-5019,São Paulo - SP,http://ascchaves.com.br/
25,Construtora Gomes Lourenço,(11) 5527-6796,São Paulo - SP,http://www.gomeslourenco.com.br/
26,Safo Construtora,(12) 3861-2772,SP,Não tem
27,Tani Obras de Engenharia,(11) 3916-1111,São Paulo - SP,Não tem
28,Souza Lima Engenharia,(11) 3915-6413,São Paulo - SP,http://www.souzalimaengenharia.com.br/
29,Gesso Custodio,(11) 3916-1661,São Paulo - SP,Não tem
30,ULTRAFERRO,(11) 3911-6873,São Paulo - SP,http://www.ultraferro.com.br/
31,Engelux Comercial e Construtora,(11) 3686-3057,Osasco - SP,http://www.engelux.com.br/
32,Construtora Gomes Lourenço,(11) 3919-2510,São Paulo - SP,http://www.gomeslourenco.com.br/
33,Construtora Hudson,(11) 4157-3001,Santana de Parnaíba - SP,Não tem
34,Engepassos Construtora,(11) 3863-9751,São Paulo - SP,Não tem
35,Construtora Anastácio S/A,(11) 3696-2244,Osasco - SP,http://www.anastacio.com.br/
36,TM CORP Construtora,(11) 5081-4569,Cajamar - SP,http://www.tmcorp.com.br/
37,Construtora Gomes Lourenço,(11) 3686-5856,Osasco - SP,http://www.gomeslourenco.com.br/
38,Borges Gabioes Construtora,(11) 4448-1045,Cajamar - SP,Não tem
39,Castelo Construtora,,Barueri - SP,Não tem
40,Construtora Barros Barros Ltdm,(11) 3442-8911,São Paulo - SP,Não tem
41,JH1 CONSTRUTORA & INCORPORADORA ESTILOS,(11) 2777-7240,Cajamar - SP,https://construtoraestilos.business.site/?utm_source=gmb&utm_medium=referral
42,JBCA CONSTRUTORA E IMCORPORADORA EIRELLI LTDA,(11) 95687-1213,Cajamar - SP,Não tem
43,Walter Torre Junior Construtora,(11) 3601-2670,Osasco - SP,Não tem
44,Opcional Engenharia,(11) 4134-2333,Barueri - SP,http://opcional.com.br/
45,Construtora Coveg,(11) 3909-8921,São Paulo - SP,Não tem
46,RF Construtora e Incorporadora,(11) 4208-2065,Barueri - SP,Não tem
47,RN Construtora e Empreendimentos,(11) 4619-1788,Barueri - SP,http://www.construtorarn.com.br/
48,CDG Construtora,(11) 2852-2295,São Paulo - SP,https://cdgconstrutora.com.br/
49,Construtora Caruso,(11) 4153-3208,Santana de Parnaíba - SP,Não tem
50,Construtora Renesto Empreendimentos,(11) 4193-1214,Barueri - SP,Não tem
51,Mirandela Construtora Incorporadora,,Barueri - SP,Não tem
52,Theo Patriani Construtora,(11) 4858-1215,Barueri - SP,http://theopatriani.com.br/
53,Scopus Construtora e Incorporadora,(11) 4195-1960,Barueri - SP,http://www.scopusconstrutora.com.br/
54,Cna Spitalecti Construtora Incorporadora,(11) 4153-2644,Santana de Parnaíba - SP,Não tem
55,Iseppe – Construtora,(11) 4193-2688,Barueri - SP,http://iseppe.com.br/
56,Frechal Construtora,(11) 4191-3911,Barueri - SP,Não tem
57,Construtora Noroeste,(11) 3599-1793,Osasco - SP,http://uniforteservicos.com.br/
58,ADISA Construtora e Incorporadora - Serviços de Engenharia e Construções,(11) 99303-8333,São Paulo - SP,https://www.facebook.com/adisaconstrutora
59,Construtora Hudson,(11) 4153-6356,Santana de Parnaíba - SP,Não tem
60,OPM Comercial e Construtora,(11) 4195-0383,São Paulo,Não tem
61,Sky Construtora,,São Paulo - SP,Não tem
62,Diase Construtora,(11) 4195-4898,Barueri - SP,http://tilt-up.com.br/
63,Conservar Construtora,(11) 3992-8131,São Paulo - SP,http://www.conservarconstrutora.com.br/clientes-conservar-construtora.php
64,Opcional Engenharia,(11) 4134-2333,Barueri - SP,http://opcional.com.br/
65,Construtora Coveg,(11) 3909-8921,São Paulo - SP,Não tem
66,RF Construtora e Incorporadora,(11) 4208-2065,Barueri - SP,Não tem
67,RN Construtora e Empreendimentos,(11) 4619-1788,Barueri - SP,http://www.construtorarn.com.br/
68,CDG Construtora,(11) 2852-2295,São Paulo - SP,https://cdgconstrutora.com.br/
69,Construtora Caruso,(11) 4153-3208,Santana de Parnaíba - SP,Não tem
70,Construtora Renesto Empreendimentos,(11) 4193-1214,Barueri - SP,Não tem
71,Mirandela Construtora Incorporadora,,Barueri - SP,Não tem
72,Theo Patriani Construtora,(11) 4858-1215,Barueri - SP,http://theopatriani.com.br/
73,Scopus Construtora e Incorporadora,(11) 4195-1960,Barueri - SP,http://www.scopusconstrutora.com.br/
74,Cna Spitalecti Construtora Incorporadora,(11) 4153-2644,Santana de Parnaíba - SP,Não tem
75,Iseppe – Construtora,(11) 4193-2688,Barueri - SP,http://iseppe.com.br/
76,Frechal Construtora,(11) 4191-3911,Barueri - SP,Não tem
77,Construtora Noroeste,(11) 3599-1793,Osasco - SP,http://uniforteservicos.com.br/
78,ADISA Construtora e Incorporadora - Serviços de Engenharia e Construções,(11) 99303-8333,São Paulo - SP,https://www.facebook.com/adisaconstrutora
79,Construtora Hudson,(11) 4153-6356,Santana de Parnaíba - SP,Não tem
80,OPM Comercial e Construtora,(11) 4195-0383,São Paulo,Não tem
81,Sky Construtora,,São Paulo - SP,Não tem
82,Diase Construtora,(11) 4195-4898,Barueri - SP,http://tilt-up.com.br/
83,Conservar Construtora,(11) 3992-8131,São Paulo - SP,http://www.conservarconstrutora.com.br/clientes-conservar-construtora.php
84,Weag Construtora,(11) 4605-7500,Caieiras - SP,http://www.weagconstrutora.com.br/
85,Construtora Gomes Lourenço,(11) 3924-8365,São Paulo - SP,http://www.gomeslourenco.com.br/
86,Construtora Bacaba Ltda,,Barueri - SP,http://www.construtorabacaba.com.br/
87,Construtora Premma,(11) 94177-0236,Santana de Parnaíba - SP,Não tem
88,Construtora Cronacon,(11) 3611-1964,São Paulo - SP,http://cronacon.com.br/
89,Construtora Fonseca Amparo,(11) 3928-1730,São Paulo - SP,Não tem
90,Construtora Guercio Martini,(11) 4208-4111,Barueri - SP,https://www.guerciomartini.com.br/
91,Construtora Tenda,,(11) 4560-1086,https://www.tenda.com/
92,Construtora Habitec,(11) 4153-1445,Santana de Parnaíba - SP,Não tem
93,Ipe Construtora e Imóveis,(11) 3992-8916,São Paulo - SP,Não tem
94,EJT Construtora,(11) 2424-6116,Barueri - SP,http://ejtl.com.br/
95,Tbpo Construtora,(11) 3997-7700,São Paulo - SP,Não tem
96,Sammar Construtora Ltda.,(11) 4153-6007,Santana de Parnaíba - SP,http://www.sammarconstrutora.com.br/
97,Construtora Coveg,(11) 4133-3233,Barueri - SP,Não tem
98,Construtora Scattone,(11) 4195-1632,Barueri - SP,http://scattone.com.br/
99,Construtora Jota Oliveira,(11) 4208-4410,Barueri - SP,Não tem
100,RTD Construtora,(11) 3495-2299,Osasco - SP,http://www.rtdconstrutora.com.br/
101,Construtora Norberto Odebrecht,(11) 4199-5701,Barueri - SP,Não tem
102,Construtora Castilho,(11) 4062-5915,São Paulo - SP,Não tem
103,Construtora Gomes Lourenço,(11) 3922-7016,São Paulo - SP,http://www.gomeslourenco.com.br/
104,Construtora Cronacon,(11) 3683-5517,Osasco - SP,http://cronacon.com.br/
105,Uma Construtora e Incorporadora,(11) 3447-7022,Osasco - SP,Não tem
106,Domus Comercial Construtora Empreendimentos Agro-Pecuários,(11) 4191-2786,Barueri - SP,Não tem
107,Basfer Construtora,(11) 5622-3633,Barueri - SP,Não tem
108,construlux construtora e serviços terceirizados ltda epp,(11) 3685-1950,Osasco - SP,Não tem
109,Geccom Construtora,(11) 3448-8881,Osasco - SP,Não tem
110,C N I Construtora e Incorporadora,(11) 4195-4663,Barueri - SP,Não tem
111,Conservar Construtora,,São Paulo - SP,http://www.conservarconstrutora.com.br/empresa-conservar-construtora.php
112,Atria Empreedimentos e Incorporação Ltda,(11) 3416-6388,Barueri - SP,http://atriaconstrutora.com.br/
113,Construtora Joia Brasil,(11) 4448-4470,Cajamar - SP,http://www.joiabrasil.com.br/contato.html
114,Temax Comercial e Construtora,(11) 4191-8122,Barueri - SP,Não tem
115,Temax Comercial E Construtora Ltda,,Barueri - SP,Não tem
116,Tubarão Construtora,(11) 4184-1904,Carapicuíba - SP,http://tubaraoconstrutora.com.br/
117,Master News Construtora,(11) 4624-4973,Osasco - SP,Não tem
118,Cat Construtora Alphaville Tambore,(11) 4191-3805,Barueri - SP,Não tem
119,Rma Construtora,(11) 4208-3705,Barueri - SP,Não tem
120,Tibério Construções e Incorporações,(11) 3021-2142,São Paulo - SP,http://www.tiberio.com.br/
121,CNA Spitaletti Construtora e Incorporadora,(11) 4153-8863,Barueri - SP,http://www.cnaspitaletti.com.br/
122,Construtora Irg,(11) 4198-9335,Barueri - SP,Não tem
123,Tecnofort Construtora e Incorporadora,(11) 3684-1068,Osasco - SP,Não tem
124,Construtora Cronacon,(11) 3683-5517,Osasco - SP,http://cronacon.com.br/
125,Uma Construtora e Incorporadora,(11) 3447-7022,Osasco - SP,Não tem
126,Domus Comercial Construtora Empreendimentos Agro-Pecuários,(11) 4191-2786,Barueri - SP,Não tem
127,Basfer Construtora,(11) 5622-3633,Barueri - SP,Não tem
128,construlux construtora e serviços terceirizados ltda epp,(11) 3685-1950,Osasco - SP,Não tem
129,Geccom Construtora,(11) 3448-8881,Osasco - SP,Não tem
130,C N I Construtora e Incorporadora,(11) 4195-4663,Barueri - SP,Não tem
131,Conservar Construtora,,São Paulo - SP,http://www.conservarconstrutora.com.br/empresa-conservar-construtora.php
132,Atria Empreedimentos e Incorporação Ltda,(11) 3416-6388,Barueri - SP,http://atriaconstrutora.com.br/
133,Construtora Joia Brasil,(11) 4448-4470,Cajamar - SP,http://www.joiabrasil.com.br/contato.html
134,Temax Comercial e Construtora,(11) 4191-8122,Barueri - SP,Não tem
135,Temax Comercial E Construtora Ltda,,Barueri - SP,Não tem
136,Tubarão Construtora,(11) 4184-1904,Carapicuíba - SP,http://tubaraoconstrutora.com.br/
137,Master News Construtora,(11) 4624-4973,Osasco - SP,Não tem
138,Cat Construtora Alphaville Tambore,(11) 4191-3805,Barueri - SP,Não tem
139,Rma Construtora,(11) 4208-3705,Barueri - SP,Não tem
140,Tibério Construções e Incorporações,(11) 3021-2142,São Paulo - SP,http://www.tiberio.com.br/
141,CNA Spitaletti Construtora e Incorporadora,(11) 4153-8863,Barueri - SP,http://www.cnaspitaletti.com.br/
142,Construtora Irg,(11) 4198-9335,Barueri - SP,Não tem
143,Tecnofort Construtora e Incorporadora,(11) 3684-1068,Osasco - SP,Não tem
144,MS9 Construtora,(11) 3392-5491,São Paulo - SP,Não tem
145,Constractor Construtora,,São Paulo - SP,Não tem
146,Construtora Interpaz,,São Paulo - SP,Não tem
147,Construtora Proarcon,(11) 3682-4446,Osasco - SP,Não tem
148,Zeta Plus Construtora,(11) 3837-0384,São Paulo - SP,http://www.zetaplus.com.br/
149,MRV Construções,(11) 3432-5987,Carapicuíba - SP,https://www.mrv.com.br/
150,C&C Construtora,(11) 3682-9697,Osasco - SP,Não tem
151,Construtora Ribeiro Caram,(11) 4191-0523,Barueri - SP,http://ribeirocaram.com.br/
152,Construtora Nícola Vivilechio,(11) 4191-3696,Barueri - SP,Não tem
153,Construtora Bema,,(11) 3482-4951,Não tem
154,Constrular Construtora e Empreiteira De,(11) 3851-8678,São Paulo - SP,Não tem
155,Joy Construtora,,Osasco - SP,Não tem
156,CWR Construtora,(11) 4384-4740,Osasco - SP,Não tem
157,Construtora Xavier,(11) 3978-1852,São Paulo - SP,Não tem
158,Maxi Construtora,(11) 4167-5172,Carapicuíba - SP,Não tem
159,Vert Incorporadora e Construtora,(11) 3897-3333,São Paulo - SP,http://www.engelux.com.br/
160,Imobel S/A Urbanizadora e Construtora,(11) 3851-3437,São Paulo - SP,Não tem
161,Versailles Construtora,(11) 4301-3200,São Paulo - SP,Não tem
162,Bons Ares Construtora,,Osasco - SP,Não tem
163,Gomes Baptista Construtora,,São Paulo - SP,http://gbconstrutora.com.br/
164,Construtora Gustavo Halbreich,(11) 4195-5569,Barueri - SP,http://www.halbreich.com.br/
165,Saldanha Construtora Empreendimentos Imobiliários,(11) 3682-8356,Osasco - SP,http://www.saldanhaconstrutora.com.br/
166,Kingstone Construtora,(11) 3682-1300,Osasco - SP,Não tem
167,L2C Construtora,(11) 5058-2211,Barueri - SP,Não tem
168,Construtora Ferreira Guedes Sa,(11) 3685-0635,Osasco - SP,Não tem
169,Construtora R Yazbek,(11) 3654-0897,Osasco - SP,Não tem
170,Marques Construtora Incorporadora,(11) 3816-4288,São Paulo - SP,https://marquesconstrutora.com.br/
171,RJ TEC Construtora,(11) 95792-8106,São Paulo - SP,http://rjtecconstrutora.com.br/
172,Construtora Gomes Lourenço,,São Paulo - SP,http://www.gomeslourenco.com.br/
173,Pinheiro Construtora,(11) 3766-7457,São Paulo - SP,Não tem
174,Construtora e Incorporadora WDS,(11) 3393-7690,São Paulo - SP,http://www.wdsconstrutora.com.br/
175,Construtora MLV - Obras de alto padrão,(11) 2368-9974,São Paulo - SP,http://construtoramlv.com.br/
176,Construtora Incorporadora Renascer Ltda,(11) 2371-8762,São Paulo - SP,Não tem
177,FW Construtora e reformas,,São Paulo - SP,http://construtoraereformas.com/
178,Terrasol Comercial Construtora,(11) 4154-4199,SP,Não tem
179,Construtora Lja,(11) 3692-3386,Osasco - SP,Não tem
180,Think Construtora,(11) 3392-2218,São Paulo - SP,http://thinkconstrutora.com.br/
181,G & Com A Construtora,(11) 3685-9802,Osasco - SP,Não tem
182,Construtora Camargo Rodrigues,(11) 3801-1012,São Paulo - SP,http://www.ccrl.com.br/
183,AOG Engenharia e Construtora,(11) 4191-3102,São Paulo - SP,http://aogengenharia.com.br/
184,Construtora Marquise,(11) 2109-0200,Osasco - SP,Não tem
185,Construtora Elecon,,São Paulo - SP,http://www.construtoraelecon.com.br/
186,SAYMER CONSTRUTORA,(11) 2774-3186,São Paulo - SP,http://www.saymer.com.br/
187,Marques Construtora,(11) 3816-4288,São Paulo - SP,https://marquesconstrutora.com.br/
188,Construtora W Cruz,(11) 4168-1491,Barueri - SP,https://www.construtorawcruz.com.br/
189,Pavimentadora e Construtora J J Silva,,São Paulo - SP,Não tem
190,Zeta Plus Construtora,(11) 3837-0384,São Paulo - SP,http://zetaplusconstrutora.wordpress.com/
191,Solve Construtora,(11) 3871-9546,São Paulo - SP,Não tem
192,Atobá Construtora,(11) 3832-3197,São Paulo - SP,http://atobaconstrutora.com.br/
193,Alpha Corp Construtora e Incorporadora,(11) 4191-2391,Barueri - SP,Não tem
194,Construtora CPD,(11) 2928-5600,São Paulo - SP,http://www.construtoracpd.com.br/
195,Ilumi Tech Construtora Civil e Iluminação,(11) 4191-0174,Barueri - SP,Não tem
196,Quick Works Construtora,(11) 3682-3135,Osasco - SP,https://www.quickworksconstrutora.com.br/fale-conosco.html
197,Deveck Construtora e Incorporadora,(11) 3681-4156,Osasco - SP,http://www.deveck.com.br/
198,LAR Construtora,(11) 4280-5680,São Paulo - SP,http://www.larconstrutora.com.br/
199,Construtora e Incorporadora Abduch,(11) 3873-1616,São Paulo - SP,http://www.abduch.com.br/
200,Tibério Construções e Incorporações,(11) 4933-7872,São Paulo - SP,http://www.tiberio.com.br/
201,Viver - Incorporadora e Construtora S.A.,(11) 3046-3288,São Paulo - SP,http://www.viver.com.br/
202,Lopes Construtora,(11) 94717-5285,São Paulo - SP,http://www.lopesconstrutora.net/contato
203,Construtora Espirito Santo,(11) 4194-2040,Barueri - SP,Não tem
204,CONSTRUTORA PLANTAR,(11) 4811-4837,Franco da Rocha - SP,http://construtoraplantar.com.br/
205,Thagi Construtora Incorporadora,(11) 3791-8527,São Paulo - SP,Não tem
206,Oas construtora,,São Paulo - SP,http://www.oas.com/oas-com-1/contact-oas/our-offices-in-brazil.htm
207,Construtora Hudson,(11) 4161-3069,Barueri - SP,Não tem
208,REM Construtora,(11) 3872-5183,São Paulo - SP,http://www.remconstrutora.com.br/
209,MAC Construtora e Incorporadora,(11) 3815-0033,São Paulo - SP,http://www.mac.com.br/
210,Construtora Lune,(11) 3672-6870,São Paulo - SP,http://www.construtoralune.com.br/
211,Construtora Sequência,(11) 3081-7633,São Paulo - SP,http://www.construtorasequencia.com.br/
212,Construtora Passarelli,(11) 3782-4773,São Paulo - SP,http://www.passarelli.com.br/
213,Construtora Tarjab,,São Paulo - SP,http://tarjab.com.br/
214,Construtora Paulo Mauro,(11) 3673-4667,São Paulo - SP,https://www.paulomauro.com.br/
215,JNDS Construtora e Incorporadora Ltda.,(11) 3831-0554,São Paulo - SP,Não tem
216,Vinx Construtora,(11) 3676-1157,São Paulo - SP,http://www.vinxconstrutora.com.br/
217,Construtora Andrade & Campos,,Osasco - SP,Não tem
218,Construtora Petro Postos,(11) 7741-8527,Osasco - SP,Não tem
219,"Construtora SUGOI - Imóveis - Apartamentos em Franco da Rocha, São Paulo",(11) 93216-9777,Franco da Rocha - SP,http://www.sugoisa.com.br/
220,Saldanha Construtora,(11) 3699-2462,São Paulo - SP,http://www.saldanhaconstrutora.com.br/
221,Cdg Construtora,(11) 2281-7203,São Paulo - SP,https://cdgconstrutora.com.br/
222,Cury Construtora e Incorporadora,(11) 3230-0830,São Paulo - SP,http://cury.net/
223,Construtora Salzano Ltda,,São Paulo - SP,Não tem
224,GS Construtora e Serviços,(11) 4198-2641,Barueri - SP,Não tem
225,Construtora Hoss,(11) 2189-1888,São Paulo - SP,http://www.construtorahoss.com.br/
226,Barbara Engenharia e Construtora,(11) 2114-1234,São Paulo - SP,http://www.barbara.com.br/
227,CDG Construtora,(11) 3782-8805,São Paulo - SP,https://www.cdgconstrutora.com.br/
228,JDM Construtora,(11) 3872-0042,São Paulo - SP,Não tem
229,Construtora Adão Rosa,(11) 3865-9310,São Paulo - SP,https://www.adaorosa.com.br/
230,Tenda Construtora,4003-2640,São Paulo - SP,https://www.tenda.com/
231,FBS Construção Civil e Pavimentação,(11) 3392-4303,São Paulo - SP,http://www.fbsconstrutora.com.br/
232,Pacaembu Construtora S.A.,0800 730 2020,São Paulo - SP,http://pacaembu.com/
233,A2 Construtora Operadora Manutenção Cons Equip,(11) 3611-3431,São Paulo - SP,Não tem
234,Cury Construtora e Incorporadora,,São Paulo - SP,http://cury.net/
235,Caucaso Construtora,(11) 2129-2200,São Paulo - SP,http://www.caucaso.com.br/
236,Criart Construtora,(11) 3983-0442,São Paulo - SP,http://criartconstrutora.com.br/contato.html
237,Enge Construtora,(11) 98054-3823,São Paulo - SP,https://www.engeconstrutora.com.br/
238,FNBA Construtora,(15) 3227-4051,São Paulo - SP,http://www.fnbaconstrutora.com.br/contato/
239,Construtora Toda do Brasil,Fechado ⋅ Abre ter. às 08:00,(11) 3886-5844,http://www.toda.com.br/
240,Lumy Incorporadora e Construtora,(11) 3110-2222,São Paulo - SP,http://www.lumy.com.br/
241,Nelli Incorporações,(11) 3392-5662,São Paulo - SP,http://www.wdsconstrutora.com.br/
242,Habras - Habita Brasil Construtora e Incorporadora,(11) 2338-7519,São Paulo - SP,http://www.habrasconstrutora.com.br/
243,Construtora TSR,(11) 3053-6477,São Paulo - SP,http://construtoratsr.com.br/
244,Construtora Tarjab,(11) 5081-3337,São Paulo - SP,https://tarjab.com.br/
245,SETIN Incorporadora,(11) 3041-9222,São Paulo - SP,http://www.setin.com.br/
246,SUGOI CONSTRUTORA S.A,0800 900 0900,São Paulo - SP,http://www.sugoisa.com.br/
247,Join Us Construtora,(11) 98374-3684,São Paulo - SP,https://instagram.com/joinusconstrutora?utm_source=ig_profile_share&igshid=kzntuez02om2
248,Cambur - Construtora e Incorporadora,(11) 3079-4979,São Paulo - SP,http://cambur.com.br/
249,Lammart Construtora,(11) 2501-7041,São Paulo - SP,https://lammart.com.br/
250,DDA Construtora,(11) 2506-5646,São Paulo - SP,http://ddaconstrutora.com.br/contact-us.php
251,M P Construtora LTDA,(11) 3085-8979,São Paulo - SP,http://www.mpconstrutorasp.com.br/
252,Marques Construtora Incorporadora,(11) 2679-1509,São Paulo - SP,https://marquesconstrutora.com.br/
253,FBS Construção Civil e Pavimentação,(11) 3841-9871,São Paulo - SP,http://www.fbsconstrutora.com.br/
254,toro construtora,(11) 3864-2238,São Paulo - SP,Não tem
255,Marques Construtora e Incorporadora,(11) 3742-7571,São Paulo - SP,https://marquesconstrutora.com.br/
256,Even Construtora e Incorporadora S/A,(11) 3377-3777,São Paulo - SP,https://www.even.com.br/
257,Saldanha Construtora e Empreendimentos Imobiliários,(11) 3698-5238,São Paulo - SP,http://www.saldanhaconstrutora.com.br/
258,VNW Construtora,(11) 2682-3425,São Paulo - SP,http://vnwconstrutora.com.br/
259,CDG Construtora,(11) 3418-7152,Taboão da Serra - SP,https://cdgconstrutora.com.br/
260,CONX,(11) 3055-2244,São Paulo - SP,https://www.conx.com.br/
261,Lufema Construtora,(11) 3284-0526,São Paulo - SP,https://www.lufemaconstrutora.com.br/
262,Sobrosa Mello Construtora,(11) 5091-7505,São Paulo - SP,http://www.sobrosa.com.br/
263,Mutual Engenharia e Construções Ltda,(11) 3045-0812,São Paulo - SP,http://www.mutual.com.br/
264,Construtora Tarjab,(11) 5599-4184,São Paulo - SP,https://tarjab.com.br/
265,Big Construtora e Incorporadora S/A,(11) 2090-0301,São Paulo - SP,http://www.bigconstrutora.com.br/
266,Construtora Evotec,(11) 3085-9256,São Paulo - SP,http://www.construtoraevotec.com.br/
267,Construtora Lorenzine,(11) 4226-5878,São Caetano do Sul - SP,https://www.lorenzini.com.br/
268,Lorenzini,(11) 4221-3188,SP,http://www.lorenzini.com.br/
269,Espaço Marques,(11) 3993-5000,São Paulo - SP,http://marquesconstrutora.com.br/
270,Construtora Minerva LTDA,(11) 2289-2200,São Paulo - SP,https://www.construtoraminerva.com.br/
271,BR Construtora,(11) 3272-5500,São Paulo - SP,http://site.binarconstrutora.com.br/
272,Mako Construtora e Incorporadora,(11) 3842-9078,São Paulo - SP,http://www.makoconstrutora.com.br/
273,MRV Construções,(11) 3492-1789,São Paulo - SP,https://www.mrv.com.br/
274,Bárbara Engenharia e Construtora,(11) 5054-1907,São Paulo - SP,https://www.barbara.com.br/
275,Tibério Construções e Incorporações,(11) 2605-4566,São Paulo - SP,http://www.tiberio.com.br/
276,Sigla Engenharia e Construções,(11) 3459-8407,São Paulo - SP,http://siglaconstrutora.com.br/
277,Obras360 Construtora,Fechado ⋅ Abre ter. às 09:00,São Paulo - SP,Não tem
278,Basilar Comercial e Construtora,(11) 3565-4330,São Caetano do Sul - SP,http://www.basilarconstrutora.com.br/
279,Porte Engenharia e Urbanismo,(11) 2227-7300,São Paulo - SP,http://porte.com.br/
280,Construtora Fiorese Fernandes,(11) 3207-3207,São Paulo - SP,http://www.fioresefernandes.com.br/
281,Apex Construtora,,São Paulo - SP,Não tem
282,Wasserman Construtora,Fechado ⋅ Abre ter. às 08:00,São Paulo - SP,Não tem
283,MBigucci Construtora,(11) 4362-7390,São Bernardo do Campo - SP,http://www.mbigucci.com.br/
284,Tibério Contruçẽs e Incorporações S/A,(11) 3050-9300,São Paulo - SP,http://www.tiberio.com.br/
285,Construtora Lorenzini,(11) 4224-4828,São Caetano do Sul - SP,https://www.lorenzini.com.br/
286,Construtora S. Queiroz,(11) 2685-0321,São Paulo - SP,Não tem
287,Exto,(11) 3724-9500,São Paulo - SP,http://www.exto.com.br/
288,MZM Construtora e Incorporadora,(11) 4422-7800,São Caetano do Sul - SP,http://www.mzm.com.br/
289,Construtora Terra Nacional,(11) 4583-3220,Jundiaí - SP,http://www.terranacional.com.br/
290,A R T Construtora,(11) 4121-5522,São Bernardo do Campo - SP,http://www.artconstrutora.com.br/
291,Tenda,(11) 4003-3689,Osasco - SP,https://www.tenda.com/
292,Cury Construtora e Incorporadora,,São Paulo - SP,http://cury.net/
293,M Bigucci,(11) 4221-9376,São Caetano do Sul - SP,http://www.mbigucci.com.br/
294,Construtora JLJ Soares,(11) 97568-6474,Jundiaí - SP,https://construtora-jlj-soares.negocio.site/
295,Santa Angela Construtora,(11) 3109-7002,Jundiaí - SP,http://santaangelaconstrutora.com.br/
296,Trisul,(11) 3147-0000,São Paulo - SP,https://www.trisul-sa.com.br/
297,Bueno Netto,(11) 4083-5100,São Paulo - SP,http://www.buenonetto.com.br/
298,Construtora Passarelli,(11) 3037-8400,São Paulo - SP,http://www.passarelli.com.br/
299,Construtora Tecnibras,Fechado ⋅ Abre ter. às 08:00,(11) 3858-6444,http://www.construtoratecnibras.com.br/
300,VNW Construtora,(11) 4676-7721,Ferraz de Vasconcelos - SP,http://vnwconstrutora.com.br/
301,Setin - Breve Lançamento,(11) 3041-9222,São Paulo - SP,http://www.setin.com.br/
302,Vnw Construtora,,São Paulo - SP,http://vnwconstrutora.com.br/
303,Construtora Paulo Makoto,(11) 4555-3000,Mauá - SP,https://paulomakoto.com.br/
304,Big Construtora e Incorporadora S/A - Showroom,(11) 4678-7322,Ferraz de Vasconcelos - SP,http://www.bigconstrutora.com.br/
305,Pics Zona Sul ECON,(11) 4950-7062,São Paulo - SP,https://econconstrutora.com.br/
306,Oscar Ibirapuera Trisul,(11) 3147-0007,São Paulo - SP,https://www.trisul-sa.com.br/apartamentos/sao-paulo/ibirapuera/oscar-ibirapuera
307,ECON Joy Vila Ré,(11) 4020-8720,São Paulo - SP,https://econconstrutora.com.br/
308,Genea Incorporadora e Construtora,(11) 2832-4200,Suzano - SP,http://genea.com.br/
309,ROHR S/A Estruturas Tubulares,Fechado ⋅ Abre ter. às 08:00,(11) 2185-1300,http://www.rohr.com.br/
310,Tarjab Incorporadora e Construtora,(11) 5591-6000,São Paulo - SP,http://www.tarjab.com.br/
311,Construtora Ubiratan,(11) 2100-5066,São Paulo - SP,http://www.construtoraubiratan.com.br/
312,F A Oliva - Sede Administrativa,(11) 4523-5111,Jundiaí - SP,http://www.faoliva.com.br/
313,Imóveis - Apartamentos Tecnisa em São Paulo - Construtora Tecnisa,(11) 3702-7200,São Paulo - SP,http://www.tecnisa.com.br/
314,"Imóveis - Apartamentos em Osasco, São Paulo - Construtora Tecnisa",(11) 3702-7200,São Paulo - SP,http://www.tecnisa.com.br/
315,F A Oliva - CAC,(11) 4523-3170,Jundiaí - SP,http://www.faoliva.com.br/
316,Engeplus Construtora Incorporadora,(13) 3284-4222,Santos - SP,http://www.engeplus.com/
317,RGM Engenharia e Construções,(11) 3227-9772,São Paulo - SP,Não tem
318,Geratriz Construtora,(15) 3357-6200,Sorocaba - SP,http://www.geratriz.com.br/
319,Construtora Silva Campos,(15) 3411-7529,Sorocaba - SP,http://www.construtorasilvacampos.com.br/
320,Construtora Tarjab,(11) 5589-0009,São Paulo - SP,http://tarjab.com.br/
321,CRB Construtora e Incorporação,(15) 3318-7999,Sorocaba - SP,http://www.crbconstrutora.com.br/
322,ES Construtora,(15) 3011-4161,Sorocaba - SP,http://www.esconstrutora.com.br/
323,Magnum Comercial Construtora,(15) 3229-3399,Sorocaba - SP,http://www.magnumconstrutora.com.br/
324,CONSTRUTORA TENDA,(11) 94868-2050,São Paulo - SP,http://www.tenda.com/
325,MGQ Construtora,(13) 3357-1678,Praia Grande - SP,http://www.mgqconstrutora.com.br/
326,Construtora e Incorporadora Martino - Praia Grande / SP,(13) 97419-9532,Praia Grande - SP,http://www.construtoramartino.com.br/
327,TERRACE V,(13) 3029-6060,Praia Grande - SP,http://www.construtoraterrace.com.br/
328,Grupo Mendes,(13) 3228-7900,Santos - SP,http://grupomendes.com.br/
329,Construtora Nossolar,(13) 3302-5431,Praia Grande - SP,http://construtoranossolar.com/
330,Frizon Construtora,(13) 3507-4293,Mongaguá - SP,http://www.frizonconstrutora.com.br/
331,Aires Construtora,(13) 3481-3100,Praia Grande - SP,http://construtoraaires.com.br/
332,Construtora Lorenzini,(11) 4228-6767,São Paulo - SP,https://www.lorenzini.com.br/
333,Miramar Construtora lado Shopping Praiamar,(13) 3261-6959,Santos - SP,http://construtoramiramar.com.br/
334,Reflora Construtora,(12) 3922-6699,São José dos Campos - SP,http://www.reflora.com.br/
335,Mac Construtora e Incorporadora,(11) 2061-8181,São Paulo - SP,http://www.mac.com.br/
336,MRV Engenharia e Participações Sa,(11) 3946-1771,SP,https://www.mrv.com.br/
337,CONSTRUPEL Construtora e Incorporadora LTDA.,(12) 3018-4550,São José dos Campos - SP,http://construpel.com.br/
338,GCR Construtora,(13) 99730-6514,Itanhaém - SP,http://www.gcrconstrutora.com.br/
339,Urban Barra Funda,(11) 4102-0630,São Paulo - SP,http://www.urbanbarrafunda.net/
340,Xavel Empreendimentos Imobiliários,,Santos - SP,http://www.xavel.com.br/
341,Construtora Catagua e Incorporadora Ltda,(19) 3302-2800,Piracicaba - SP,http://www.catagua.com.br/
342,Splendor Patriani,(11) 4318-0666,Campinas - SP,https://www.construtorapatriani.com.br/imovel/splendor-patriani/
343,Construtora W Curi,(15) 3272-4706,Itapetininga - SP,http://www.wcuri.com.br/
344,Place Madalena - Trisul S.A.,(11) 3147-0007,São Paulo - SP,https://www.trisul-sa.com.br/apartamentos/sao-paulo/pompeia/place-madalena
345,IMOBILIARIA JMENDES,(13) 3481-1252,Praia Grande - SP,https://www.imobiliariajmendes.com.br/
346,Credlar Construtora Praia Grande,(13) 3471-7100,Praia Grande - SP,http://credlarconstrutora.com.br/
347,ADN Construtora e Incorporadora,0800 941 2289,São Carlos - SP,http://www.adnconstrutora.com.br/
348,"Construtora SUGOI - Imóveis - Apartamentos em São Mateus, São Paulo",(11) 2253-5274,São Paulo - SP,http://www.sugoisa.com.br/
349,A3 Construtora e Incorporadora,(12) 3832-5300,Ubatuba - SP,http://www.a3construtora.com.br/
350,Stemmi Engenharia,(12) 3941-8399,São José dos Campos - SP,http://www.stemmi.com.br/
351,Think Engenharia,(11) 2579-9643,São Paulo - SP,https://thinkconstrutora.com.br/
352,IMÓVEIS DIRETO DA CONSTRUTORA,(19) 99776-2504,Campinas - SP,http://www.diretodaconstrutora.com.br/
353,MY CLICK São Mateus - Econ Construtora,(11) 3199-6700,São Paulo - SP,http://www.econconstrutora.com.br/
354,Fbs,(11) 3130-8000,São Paulo - SP,http://www.fbsconstrutora.com.br/
355,Metalúrgica Parra Ind Com Máquinas,(11) 3911-8031,São Paulo - SP,http://www.metalurgicaparra.com.br/
356,Econ Vendas,(11) 3199-6700,São Paulo - SP,http://www.econconstrutora.com.br/
357,Condominio Praça Estação Jandira,,Jandira - SP,https://www.trisul-sa.com.br/
358,Construtora Donum - Mirante do Sol,(35) 98412-6009,Varginha - MG,https://www.construtoradonum.com.br/residencial-mirante-do-sol
359,Construtora M N Ltda,(24) 3323-2907,Barra Mansa - RJ,http://www.mnconstrutora.com/
360,MN Construtora,(24) 3323-2907,Barra Mansa - RJ,http://mnconstrutora.com/
361,Construtora Lytoranea,(21) 2688-2063,Seropédica - RJ,Não tem
362,Rottas Construtora,(41) 3020-7700,Curitiba - PR,http://rottasconstrutora.com.br/
363,Construtora Bouw,(41) 3076-4546,Curitiba - PR,http://www.construtorabouw.com.br/
364,Construtora Equilíbrio,(41) 3376-3433,Curitiba - PR,http://www.equilibrio.eng.br/
365,Construtora e Incorporadora Vincere,(41) 3313-9950,Curitiba - PR,http://www.vincereconstrutora.com.br/
366,Construtora Elevação,(41) 2106-9900,Curitiba - PR,https://www.construtoraelevacao.com.br/
367,Hj Construtora,(41) 3452-2758,Matinhos - PR,http://hjconstrutora.com.br/
368,MGA Construtora -,(41) 3557-5353,Pinhais - PR,http://www.mgaconstrutora.com.br/
369,MJM Construtora e Incorporadora Ltda.,(17) 3522-1257,Catanduva - SP,https://www.mjmconstrutora.com.br/
370,Construtora e Incorporadora Correia,(47) 3422-6996,Joinville - SC,http://www.construtoracorreia.com.br/
371,Pride Construtora,(41) 3121-2233,Curitiba - PR,http://construtorapride.com.br/
372,Construtora Adriática,(41) 3015-0020,Curitiba - PR,Não tem
373,Bidese Construtora,(41) 3024-0798,Curitiba - PR,https://www.bidese.com.br/
374,Construtora Tricon,(41) 3078-4833,Curitiba - PR,http://www.construtoratricon.com.br/
375,Atenas Construtora e Materiais de Construção,(41) 3257-6363,Curitiba - PR,http://www.atenasconstrutora.com.br/
376,CGL Construtora & Incorporadora,(41) 3335-8292,Curitiba - PR,http://www.cgl.com.br/
377,Orion Patriani,(11) 4318-0333,Santo André - SP,https://www.construtorapatriani.com.br/imovel/orion-patriani
378,Adriatica Incorporações Imobiliarias,(41) 3015-0020,Curitiba - PR,http://www.construtoraadriatica.com.br/
379,Swell Construções e Incorporações,(41) 3339-8818,Curitiba - PR,http://www.swellconstrucoes.com.br/
380,Construtora Calper,(21) 3514-2950,Rio de Janeiro - RJ,http://www.calper.com.br/
381,Construtora Fontanive,(41) 3262-1010,Curitiba - PR,http://www.fontanive.com.br/
382,SBJ Construtora E Incorporadora Ltda.,(47) 3319-8016,Navegantes - SC,http://www.sbjconstrutora.com.br/
383,Daxo Construtora,(47) 3027-1700,Joinville - SC,http://daxo.com.br/
384,Osborne Costa Construtora Ltda,(21) 2521-7235,Rio de Janeiro - RJ,http://www.osborne.com.br/
385,CTV - Construtora Tavares e Videira,(21) 3312-5607,Rio de Janeiro - RJ,http://ctvconstrutora.com.br/
386,Construtora Novolar,(21) 3883-0207,Rio de Janeiro - RJ,http://www.novolar.com.br/
387,Calçada,(21) 3613-9898,Rio de Janeiro - RJ,http://calcada.com.br/
388,Viva Real,(11) 4861-1799,São Paulo - SP,https://www.vivareal.com.br/
389,Sola Construtora,(24) 2221-1599,Petrópolis - RJ,http://solaconstrutora.com/
390,Construtora Clarus,(47) 3045-2337,Itajaí - SC,http://www.clarusconstrutora.com.br/
391,Eliger Construtora,(31) 98436-0428,Belo Horizonte - MG,http://www.eliger.com.br/
392,CN Construtora e Incorporadora LTDA,(47) 3349-7435,Itajaí - SC,http://www.cnconstrutora.net/
393,Hill Construtora e Incoporadora LTDA,(47) 3035-5593,Blumenau - SC,http://www.construtorahill.com.br/
394,STN Empreendimentos e Construções - Matriz,(24) 2257-1335,Areal - RJ,https://www.stnconstrutora.com.br/
395,Construtora e Incorporadora AMC,(48) 3246-9906,São José - SC,http://www.amcconstrutora.com.br/
396,Quadra Construtora,(43) 3371-3000,Londrina - PR,http://www.quadraconstrutora.com.br/
397,AVW Construtora Ltda,(31) 3464-4131,Belo Horizonte - MG,http://www.avwconstrutora.com.br/
398,Opera Prima Construção e Incorporação de Imóveis LTDA,Fechado ⋅ Abre ter. às 08:00,Curitiba - PR,http://www.construtoraoperaprima.com.br/
399,Construtora Excelso,(31) 2513-9999,Belo Horizonte - MG,http://www.construtoraexcelso.com.br/
400,Pacaembu imoveis,(11) 97028-3000,São Paulo - SP,https://www.pacaembu.com/imoveis
401,Construtora Você,(31) 3665-8080,Belo Horizonte - MG,http://www.construtoravoce.com.br/
402,Tiberio,(11) 3051-9960,São Paulo - SP,http://www.tiberio.com.br/
403,Pasqualotto Construtora e Incorporadora,(47) 3368-4113,Itapema - SC,http://www.construtorapasqualotto.com.br/
404,Voestalpine VAE Brasil prod. Ferroviários,(11) 3915-9100,São Paulo - SP,http://www.voestalpine.com/group/pt/
405,Construtora Saba,(31) 3364-7000,Belo Horizonte - MG,http://construtorasaba.com.br/
406,construtora zimmermann,(47) 3268-1000,Itapema - SC,http://www.construtorazimmermann.com.br/
407,Construtora Donum,(31) 2531-3373,Belo Horizonte - MG,http://construtoradonum.com.br/
408,Construtora Atrium,(31) 3589-4000,Nova Lima - MG,http://www.construtoraatrium.com.br/
409,Construtora Marluc,(44) 3221-4550,Maringá - PR,http://www.marluc.com.br/
410,Penha (SP) - Cury (Plantão de Vendas),(11) 3230-0830,São Paulo - SP,https://cury.net/
411,Construtora Sudoeste,(31) 2116-1050,Belo Horizonte - MG,https://www.construtorasudoeste.com.br/
412,Pasqualotto & GT Empreendimentos,(47) 3267-0200,Balneário Camboriú - SC,http://www.pasqualottoegt.com.br/
413,Construtora Uni,(31) 3419-4600,Belo Horizonte - MG,http://www.construtorauni.com.br/
414,voestalpine VAE Brasil Produtos Ferroviários,(11) 3917-2922,São Paulo,https://www.voestalpine.com/vaebrasil/pt/empresa/
415,Parker Hannifin Indústria e Comércio,(11) 3915-8500,São Paulo,http://www.parker.com/portal/site/PARKER/menuitem.223a4a3cce02eb6315731910237ad1ca/?vgnextoid=94a68380a865e210VgnVCM10000048021dacRCRD&vgnextfmt=PT
416,Poros Construtora,(31) 3288-4104,Belo Horizonte - MG,http://www.porosconstrutora.com.br/
417,ACBR Construtora e Empreendimentos Imobiliários Ltda,(31) 98726-6916,Belo Horizonte - MG,http://acbrconstrutora.com.br/
418,Construtora Cidade Verde,(44) 3366-0909,Maringá - PR,http://www.construtoracidadeverde.com.br/
419,Speranzini Engenharia,(47) 3340-2080,Blumenau - SC,http://speranzini.eng.br/
420,Construtora Castor Ltda,(31) 3078-8688,Belo Horizonte - MG,http://www.construtoracastor.com.br/
421,C&A Construtora,(34) 3236-1551,Uberlândia - MG,http://ceaconstrutora.com.br/
422,Construtora Terraço,(31) 3261-7959,Belo Horizonte - MG,http://construtoraterraco.com.br/
423,Urbani Construtora,(34) 3257-3001,Uberlândia - MG,http://www.urbaniconstrutora.com.br/contato
424,Construtora Galdina,(31) 2552-6668,Belo Horizonte - MG,http://www.construtoragaldina.com.br/
425,CONSTRUTORA FÓRMULA,(31) 3324-1575,Belo Horizonte - MG,http://construtoraformula.com.br/
426,Condomínio Primavera Morumbi,(11) 3816-4288,São Paulo - SP,https://marquesconstrutora.com.br/primavera-morumbi/
427,Emccamp Residencial,0800 200 7070,Belo Horizonte - MG,https://www.emccamp.com.br/
428,Construtora Just,(44) 3028-2331,Maringá - PR,http://www.construtorajust.com.br/
429,Edificart,(47) 3348-1775,Itajaí - SC,http://www.edificart.com.br/
430,Realiza Construtora Uberlandia MG,(34) 3212-2311,Uberlândia - MG,http://www.realizaconstrutora.com.br/
431,Terrassa,(47) 3344-1177,Itajaí - SC,http://terrassa.com.br/
432,Tap Construtora,(16) 3421-6562,Ribeirão Preto - SP,http://tapconstrutora.com.br/
433,Etore Residencial,(11) 94750-2366,Santo André - SP,http://maccrisconstrutora.com.br/residencial-etore/
434,Construtora Galdina,(31) 97122-5247,Pedro Leopoldo - MG,https://www.construtoragaldina.com.br/
435,Construtora Galdina,(31) 2552-6668,Belo Horizonte - MG,http://www.construtoragaldina.com.br/
436,CONSTRUTORA FÓRMULA,(31) 3324-1575,Belo Horizonte - MG,http://construtoraformula.com.br/
437,Condomínio Primavera Morumbi,(11) 3816-4288,São Paulo - SP,https://marquesconstrutora.com.br/primavera-morumbi/
438,Emccamp Residencial,0800 200 7070,Belo Horizonte - MG,https://www.emccamp.com.br/
439,Construtora Just,(44) 3028-2331,Maringá - PR,http://www.construtorajust.com.br/
440,Edificart,(47) 3348-1775,Itajaí - SC,http://www.edificart.com.br/
441,Realiza Construtora Uberlandia MG,(34) 3212-2311,Uberlândia - MG,http://www.realizaconstrutora.com.br/
442,Terrassa,(47) 3344-1177,Itajaí - SC,http://terrassa.com.br/
443,Tap Construtora,(16) 3421-6562,Ribeirão Preto - SP,http://tapconstrutora.com.br/
444,Etore Residencial,(11) 94750-2366,Santo André - SP,http://maccrisconstrutora.com.br/residencial-etore/
445,Construtora Galdina,(31) 97122-5247,Pedro Leopoldo - MG,https://www.construtoragaldina.com.br/
446,Construtora Galdina,(31) 2552-6668,Belo Horizonte - MG,http://www.construtoragaldina.com.br/
447,CONSTRUTORA FÓRMULA,(31) 3324-1575,Belo Horizonte - MG,http://construtoraformula.com.br/
448,Condomínio Primavera Morumbi,(11) 3816-4288,São Paulo - SP,https://marquesconstrutora.com.br/primavera-morumbi/
449,Emccamp Residencial,0800 200 7070,Belo Horizonte - MG,https://www.emccamp.com.br/
450,Construtora Just,(44) 3028-2331,Maringá - PR,http://www.construtorajust.com.br/
451,Edificart,(47) 3348-1775,Itajaí - SC,http://www.edificart.com.br/
452,Realiza Construtora Uberlandia MG,(34) 3212-2311,Uberlândia - MG,http://www.realizaconstrutora.com.br/
453,Terrassa,(47) 3344-1177,Itajaí - SC,http://terrassa.com.br/
454,Tap Construtora,(16) 3421-6562,Ribeirão Preto - SP,http://tapconstrutora.com.br/
455,Etore Residencial,(11) 94750-2366,Santo André - SP,http://maccrisconstrutora.com.br/residencial-etore/
456,Construtora Galdina,(31) 97122-5247,Pedro Leopoldo - MG,https://www.construtoragaldina.com.br/
457,Construtora Galdina,(31) 2552-6668,Belo Horizonte - MG,http://www.construtoragaldina.com.br/
458,CONSTRUTORA FÓRMULA,(31) 3324-1575,Belo Horizonte - MG,http://construtoraformula.com.br/
459,Condomínio Primavera Morumbi,(11) 3816-4288,São Paulo - SP,https://marquesconstrutora.com.br/primavera-morumbi/
460,Emccamp Residencial,0800 200 7070,Belo Horizonte - MG,https://www.emccamp.com.br/
461,Construtora Just,(44) 3028-2331,Maringá - PR,http://www.construtorajust.com.br/
462,Edificart,(47) 3348-1775,Itajaí - SC,http://www.edificart.com.br/
463,Realiza Construtora Uberlandia MG,(34) 3212-2311,Uberlândia - MG,http://www.realizaconstrutora.com.br/
464,Terrassa,(47) 3344-1177,Itajaí - SC,http://terrassa.com.br/
465,Tap Construtora,(16) 3421-6562,Ribeirão Preto - SP,http://tapconstrutora.com.br/
466,Etore Residencial,(11) 94750-2366,Santo André - SP,http://maccrisconstrutora.com.br/residencial-etore/
467,Construtora Galdina,(31) 97122-5247,Pedro Leopoldo - MG,https://www.construtoragaldina.com.br/
468,Construtora Galdina,(31) 2552-6668,Belo Horizonte - MG,http://www.construtoragaldina.com.br/
469,CONSTRUTORA FÓRMULA,(31) 3324-1575,Belo Horizonte - MG,http://construtoraformula.com.br/
470,Condomínio Primavera Morumbi,(11) 3816-4288,São Paulo - SP,https://marquesconstrutora.com.br/primavera-morumbi/
471,Emccamp Residencial,0800 200 7070,Belo Horizonte - MG,https://www.emccamp.com.br/
472,Construtora Just,(44) 3028-2331,Maringá - PR,http://www.construtorajust.com.br/
473,Edificart,(47) 3348-1775,Itajaí - SC,http://www.edificart.com.br/
474,Realiza Construtora Uberlandia MG,(34) 3212-2311,Uberlândia - MG,http://www.realizaconstrutora.com.br/
475,Terrassa,(47) 3344-1177,Itajaí - SC,http://terrassa.com.br/
476,Tap Construtora,(16) 3421-6562,Ribeirão Preto - SP,http://tapconstrutora.com.br/
477,Etore Residencial,(11) 94750-2366,Santo André - SP,http://maccrisconstrutora.com.br/residencial-etore/
478,Construtora Galdina,(31) 97122-5247,Pedro Leopoldo - MG,https://www.construtoragaldina.com.br/
479,Construtora Galdina,(31) 2552-6668,Belo Horizonte - MG,http://www.construtoragaldina.com.br/
480,CONSTRUTORA FÓRMULA,(31) 3324-1575,Belo Horizonte - MG,http://construtoraformula.com.br/
481,Condomínio Primavera Morumbi,(11) 3816-4288,São Paulo - SP,https://marquesconstrutora.com.br/primavera-morumbi/
482,Emccamp Residencial,0800 200 7070,Belo Horizonte - MG,https://www.emccamp.com.br/
483,Construtora Just,(44) 3028-2331,Maringá - PR,http://www.construtorajust.com.br/
484,Edificart,(47) 3348-1775,Itajaí - SC,http://www.edificart.com.br/
485,Realiza Construtora Uberlandia MG,(34) 3212-2311,Uberlândia - MG,http://www.realizaconstrutora.com.br/
486,Terrassa,(47) 3344-1177,Itajaí - SC,http://terrassa.com.br/
487,Tap Construtora,(16) 3421-6562,Ribeirão Preto - SP,http://tapconstrutora.com.br/
488,Etore Residencial,(11) 94750-2366,Santo André - SP,http://maccrisconstrutora.com.br/residencial-etore/
489,Construtora Galdina,(31) 97122-5247,Pedro Leopoldo - MG,https://www.construtoragaldina.com.br/
490,Construtora Galdina,(31) 2552-6668,Belo Horizonte - MG,http://www.construtoragaldina.com.br/
491,CONSTRUTORA FÓRMULA,(31) 3324-1575,Belo Horizonte - MG,http://construtoraformula.com.br/
492,Condomínio Primavera Morumbi,(11) 3816-4288,São Paulo - SP,https://marquesconstrutora.com.br/primavera-morumbi/
493,Emccamp Residencial,0800 200 7070,Belo Horizonte - MG,https://www.emccamp.com.br/
494,Construtora Just,(44) 3028-2331,Maringá - PR,http://www.construtorajust.com.br/
495,Edificart,(47) 3348-1775,Itajaí - SC,http://www.edificart.com.br/
496,Realiza Construtora Uberlandia MG,(34) 3212-2311,Uberlândia - MG,http://www.realizaconstrutora.com.br/
497,Terrassa,(47) 3344-1177,Itajaí - SC,http://terrassa.com.br/
498,Tap Construtora,(16) 3421-6562,Ribeirão Preto - SP,http://tapconstrutora.com.br/
499,Etore Residencial,(11) 94750-2366,Santo André - SP,http://maccrisconstrutora.com.br/residencial-etore/
500,Construtora Galdina,(31) 97122-5247,Pedro Leopoldo - MG,https://www.construtoragaldina.com.br/
501,Construtora Galdina,(31) 2552-6668,Belo Horizonte - MG,http://www.construtoragaldina.com.br/
502,CONSTRUTORA FÓRMULA,(31) 3324-1575,Belo Horizonte - MG,http://construtoraformula.com.br/
503,Condomínio Primavera Morumbi,(11) 3816-4288,São Paulo - SP,https://marquesconstrutora.com.br/primavera-morumbi/
504,Emccamp Residencial,0800 200 7070,Belo Horizonte - MG,https://www.emccamp.com.br/
505,Construtora Just,(44) 3028-2331,Maringá - PR,http://www.construtorajust.com.br/
506,Edificart,(47) 3348-1775,Itajaí - SC,http://www.edificart.com.br/
507,Realiza Construtora Uberlandia MG,(34) 3212-2311,Uberlândia - MG,http://www.realizaconstrutora.com.br/
508,Terrassa,(47) 3344-1177,Itajaí - SC,http://terrassa.com.br/
509,Tap Construtora,(16) 3421-6562,Ribeirão Preto - SP,http://tapconstrutora.com.br/
510,Etore Residencial,(11) 94750-2366,Santo André - SP,http://maccrisconstrutora.com.br/residencial-etore/
511,Construtora Galdina,(31) 97122-5247,Pedro Leopoldo - MG,https://www.construtoragaldina.com.br/
512,Construtora Galdina,(31) 2552-6668,Belo Horizonte - MG,http://www.construtoragaldina.com.br/
513,CONSTRUTORA FÓRMULA,(31) 3324-1575,Belo Horizonte - MG,http://construtoraformula.com.br/
514,Condomínio Primavera Morumbi,(11) 3816-4288,São Paulo - SP,https://marquesconstrutora.com.br/primavera-morumbi/
515,Emccamp Residencial,0800 200 7070,Belo Horizonte - MG,https://www.emccamp.com.br/
516,Construtora Just,(44) 3028-2331,Maringá - PR,http://www.construtorajust.com.br/
517,Edificart,(47) 3348-1775,Itajaí - SC,http://www.edificart.com.br/
518,Realiza Construtora Uberlandia MG,(34) 3212-2311,Uberlândia - MG,http://www.realizaconstrutora.com.br/
519,Terrassa,(47) 3344-1177,Itajaí - SC,http://terrassa.com.br/
520,Tap Construtora,(16) 3421-6562,Ribeirão Preto - SP,http://tapconstrutora.com.br/
521,Etore Residencial,(11) 94750-2366,Santo André - SP,http://maccrisconstrutora.com.br/residencial-etore/
522,Construtora Galdina,(31) 97122-5247,Pedro Leopoldo - MG,https://www.construtoragaldina.com.br/
523,Construtora Galdina,(31) 2552-6668,Belo Horizonte - MG,http://www.construtoragaldina.com.br/
524,CONSTRUTORA FÓRMULA,(31) 3324-1575,Belo Horizonte - MG,http://construtoraformula.com.br/
525,Condomínio Primavera Morumbi,(11) 3816-4288,São Paulo - SP,https://marquesconstrutora.com.br/primavera-morumbi/
526,Emccamp Residencial,0800 200 7070,Belo Horizonte - MG,https://www.emccamp.com.br/
527,Construtora Just,(44) 3028-2331,Maringá - PR,http://www.construtorajust.com.br/
528,Edificart,(47) 3348-1775,Itajaí - SC,http://www.edificart.com.br/
529,Realiza Construtora Uberlandia MG,(34) 3212-2311,Uberlândia - MG,http://www.realizaconstrutora.com.br/
530,Terrassa,(47) 3344-1177,Itajaí - SC,http://terrassa.com.br/
531,Tap Construtora,(16) 3421-6562,Ribeirão Preto - SP,http://tapconstrutora.com.br/
532,Etore Residencial,(11) 94750-2366,Santo André - SP,http://maccrisconstrutora.com.br/residencial-etore/
533,Construtora Galdina,(31) 97122-5247,Pedro Leopoldo - MG,https://www.construtoragaldina.com.br/
534,Construtora Galdina,(31) 2552-6668,Belo Horizonte - MG,http://www.construtoragaldina.com.br/
535,CONSTRUTORA FÓRMULA,(31) 3324-1575,Belo Horizonte - MG,http://construtoraformula.com.br/
536,Condomínio Primavera Morumbi,(11) 3816-4288,São Paulo - SP,https://marquesconstrutora.com.br/primavera-morumbi/
537,Emccamp Residencial,0800 200 7070,Belo Horizonte - MG,https://www.emccamp.com.br/
538,Construtora Just,(44) 3028-2331,Maringá - PR,http://www.construtorajust.com.br/
539,Edificart,(47) 3348-1775,Itajaí - SC,http://www.edificart.com.br/
540,Realiza Construtora Uberlandia MG,(34) 3212-2311,Uberlândia - MG,http://www.realizaconstrutora.com.br/
541,Terrassa,(47) 3344-1177,Itajaí - SC,http://terrassa.com.br/
542,Tap Construtora,(16) 3421-6562,Ribeirão Preto - SP,http://tapconstrutora.com.br/
543,Etore Residencial,(11) 94750-2366,Santo André - SP,http://maccrisconstrutora.com.br/residencial-etore/
544,Construtora Galdina,(31) 97122-5247,Pedro Leopoldo - MG,https://www.construtoragaldina.com.br/
545,Construtora Galdina,(31) 2552-6668,Belo Horizonte - MG,http://www.construtoragaldina.com.br/
546,CONSTRUTORA FÓRMULA,(31) 3324-1575,Belo Horizonte - MG,http://construtoraformula.com.br/
547,Condomínio Primavera Morumbi,(11) 3816-4288,São Paulo - SP,https://marquesconstrutora.com.br/primavera-morumbi/
548,Emccamp Residencial,0800 200 7070,Belo Horizonte - MG,https://www.emccamp.com.br/
549,Construtora Just,(44) 3028-2331,Maringá - PR,http://www.construtorajust.com.br/
550,Edificart,(47) 3348-1775,Itajaí - SC,http://www.edificart.com.br/
551,Realiza Construtora Uberlandia MG,(34) 3212-2311,Uberlândia - MG,http://www.realizaconstrutora.com.br/
552,Terrassa,(47) 3344-1177,Itajaí - SC,http://terrassa.com.br/
553,Tap Construtora,(16) 3421-6562,Ribeirão Preto - SP,http://tapconstrutora.com.br/
554,Etore Residencial,(11) 94750-2366,Santo André - SP,http://maccrisconstrutora.com.br/residencial-etore/
555,Construtora Galdina,(31) 97122-5247,Pedro Leopoldo - MG,https://www.construtoragaldina.com.br/
556,Construtora Galdina,(31) 2552-6668,Belo Horizonte - MG,http://www.construtoragaldina.com.br/
557,CONSTRUTORA FÓRMULA,(31) 3324-1575,Belo Horizonte - MG,http://construtoraformula.com.br/
558,Condomínio Primavera Morumbi,(11) 3816-4288,São Paulo - SP,https://marquesconstrutora.com.br/primavera-morumbi/
559,Emccamp Residencial,0800 200 7070,Belo Horizonte - MG,https://www.emccamp.com.br/
560,Construtora Just,(44) 3028-2331,Maringá - PR,http://www.construtorajust.com.br/
561,Edificart,(47) 3348-1775,Itajaí - SC,http://www.edificart.com.br/
562,Realiza Construtora Uberlandia MG,(34) 3212-2311,Uberlândia - MG,http://www.realizaconstrutora.com.br/
563,Terrassa,(47) 3344-1177,Itajaí - SC,http://terrassa.com.br/
564,Tap Construtora,(16) 3421-6562,Ribeirão Preto - SP,http://tapconstrutora.com.br/
565,Etore Residencial,(11) 94750-2366,Santo André - SP,http://maccrisconstrutora.com.br/residencial-etore/
566,Construtora Galdina,(31) 97122-5247,Pedro Leopoldo - MG,https://www.construtoragaldina.com.br/
567,Construtora Galdina,(31) 2552-6668,Belo Horizonte - MG,http://www.construtoragaldina.com.br/
568,CONSTRUTORA FÓRMULA,(31) 3324-1575,Belo Horizonte - MG,http://construtoraformula.com.br/
569,Condomínio Primavera Morumbi,(11) 3816-4288,São Paulo - SP,https://marquesconstrutora.com.br/primavera-morumbi/
570,Emccamp Residencial,0800 200 7070,Belo Horizonte - MG,https://www.emccamp.com.br/
571,Construtora Just,(44) 3028-2331,Maringá - PR,http://www.construtorajust.com.br/
572,Edificart,(47) 3348-1775,Itajaí - SC,http://www.edificart.com.br/
573,Realiza Construtora Uberlandia MG,(34) 3212-2311,Uberlândia - MG,http://www.realizaconstrutora.com.br/
574,Terrassa,(47) 3344-1177,Itajaí - SC,http://terrassa.com.br/
575,Tap Construtora,(16) 3421-6562,Ribeirão Preto - SP,http://tapconstrutora.com.br/
576,Etore Residencial,(11) 94750-2366,Santo André - SP,http://maccrisconstrutora.com.br/residencial-etore/
577,Construtora Galdina,(31) 97122-5247,Pedro Leopoldo - MG,https://www.construtoragaldina.com.br/
578,Construtora Galdina,(31) 2552-6668,Belo Horizonte - MG,http://www.construtoragaldina.com.br/
579,CONSTRUTORA FÓRMULA,(31) 3324-1575,Belo Horizonte - MG,http://construtoraformula.com.br/
580,Condomínio Primavera Morumbi,(11) 3816-4288,São Paulo - SP,https://marquesconstrutora.com.br/primavera-morumbi/
581,Emccamp Residencial,0800 200 7070,Belo Horizonte - MG,https://www.emccamp.com.br/
582,Construtora Just,(44) 3028-2331,Maringá - PR,http://www.construtorajust.com.br/
583,Edificart,(47) 3348-1775,Itajaí - SC,http://www.edificart.com.br/
584,Realiza Construtora Uberlandia MG,(34) 3212-2311,Uberlândia - MG,http://www.realizaconstrutora.com.br/
585,Terrassa,(47) 3344-1177,Itajaí - SC,http://terrassa.com.br/
586,Tap Construtora,(16) 3421-6562,Ribeirão Preto - SP,http://tapconstrutora.com.br/
587,Etore Residencial,(11) 94750-2366,Santo André - SP,http://maccrisconstrutora.com.br/residencial-etore/
588,Construtora Galdina,(31) 97122-5247,Pedro Leopoldo - MG,https://www.construtoragaldina.com.br/
589,Construtora Galdina,(31) 2552-6668,Belo Horizonte - MG,http://www.construtoragaldina.com.br/
590,CONSTRUTORA FÓRMULA,(31) 3324-1575,Belo Horizonte - MG,http://construtoraformula.com.br/
591,Condomínio Primavera Morumbi,(11) 3816-4288,São Paulo - SP,https://marquesconstrutora.com.br/primavera-morumbi/
592,Emccamp Residencial,0800 200 7070,Belo Horizonte - MG,https://www.emccamp.com.br/
593,Construtora Just,(44) 3028-2331,Maringá - PR,http://www.construtorajust.com.br/
594,Edificart,(47) 3348-1775,Itajaí - SC,http://www.edificart.com.br/
595,Realiza Construtora Uberlandia MG,(34) 3212-2311,Uberlândia - MG,http://www.realizaconstrutora.com.br/
596,Terrassa,(47) 3344-1177,Itajaí - SC,http://terrassa.com.br/
597,Tap Construtora,(16) 3421-6562,Ribeirão Preto - SP,http://tapconstrutora.com.br/
598,Etore Residencial,(11) 94750-2366,Santo André - SP,http://maccrisconstrutora.com.br/residencial-etore/
599,Construtora Galdina,(31) 97122-5247,Pedro Leopoldo - MG,https://www.construtoragaldina.com.br/
600,Construtora Galdina,(31) 2552-6668,Belo Horizonte - MG,http://www.construtoragaldina.com.br/
601,CONSTRUTORA FÓRMULA,(31) 3324-1575,Belo Horizonte - MG,http://construtoraformula.com.br/
602,Condomínio Primavera Morumbi,(11) 3816-4288,São Paulo - SP,https://marquesconstrutora.com.br/primavera-morumbi/
603,Emccamp Residencial,0800 200 7070,Belo Horizonte - MG,https://www.emccamp.com.br/
604,Construtora Just,(44) 3028-2331,Maringá - PR,http://www.construtorajust.com.br/
605,Edificart,(47) 3348-1775,Itajaí - SC,http://www.edificart.com.br/
606,Realiza Construtora Uberlandia MG,(34) 3212-2311,Uberlândia - MG,http://www.realizaconstrutora.com.br/
607,Terrassa,(47) 3344-1177,Itajaí - SC,http://terrassa.com.br/
608,Tap Construtora,(16) 3421-6562,Ribeirão Preto - SP,http://tapconstrutora.com.br/
609,Etore Residencial,(11) 94750-2366,Santo André - SP,http://maccrisconstrutora.com.br/residencial-etore/
610,Construtora Galdina,(31) 97122-5247,Pedro Leopoldo - MG,https://www.construtoragaldina.com.br/
611,Construtora Galdina,(31) 2552-6668,Belo Horizonte - MG,http://www.construtoragaldina.com.br/
612,CONSTRUTORA FÓRMULA,(31) 3324-1575,Belo Horizonte - MG,http://construtoraformula.com.br/
613,Condomínio Primavera Morumbi,(11) 3816-4288,São Paulo - SP,https://marquesconstrutora.com.br/primavera-morumbi/
614,Emccamp Residencial,0800 200 7070,Belo Horizonte - MG,https://www.emccamp.com.br/
615,Construtora Just,(44) 3028-2331,Maringá - PR,http://www.construtorajust.com.br/
616,Edificart,(47) 3348-1775,Itajaí - SC,http://www.edificart.com.br/
617,Realiza Construtora Uberlandia MG,(34) 3212-2311,Uberlândia - MG,http://www.realizaconstrutora.com.br/
618,Terrassa,(47) 3344-1177,Itajaí - SC,http://terrassa.com.br/
619,Tap Construtora,(16) 3421-6562,Ribeirão Preto - SP,http://tapconstrutora.com.br/
620,Etore Residencial,(11) 94750-2366,Santo André - SP,http://maccrisconstrutora.com.br/residencial-etore/
621,Construtora Galdina,(31) 97122-5247,Pedro Leopoldo - MG,https://www.construtoragaldina.com.br/
622,Construtora Galdina,(31) 2552-6668,Belo Horizonte - MG,http://www.construtoragaldina.com.br/
623,CONSTRUTORA FÓRMULA,(31) 3324-1575,Belo Horizonte - MG,http://construtoraformula.com.br/
624,Condomínio Primavera Morumbi,(11) 3816-4288,São Paulo - SP,https://marquesconstrutora.com.br/primavera-morumbi/
625,Emccamp Residencial,0800 200 7070,Belo Horizonte - MG,https://www.emccamp.com.br/
626,Construtora Just,(44) 3028-2331,Maringá - PR,http://www.construtorajust.com.br/
627,Edificart,(47) 3348-1775,Itajaí - SC,http://www.edificart.com.br/
628,Realiza Construtora Uberlandia MG,(34) 3212-2311,Uberlândia - MG,http://www.realizaconstrutora.com.br/
629,Terrassa,(47) 3344-1177,Itajaí - SC,http://terrassa.com.br/
630,Tap Construtora,(16) 3421-6562,Ribeirão Preto - SP,http://tapconstrutora.com.br/
631,Etore Residencial,(11) 94750-2366,Santo André - SP,http://maccrisconstrutora.com.br/residencial-etore/
632,Construtora Galdina,(31) 97122-5247,Pedro Leopoldo - MG,https://www.construtoragaldina.com.br/
633,Construtora Galdina,(31) 2552-6668,Belo Horizonte - MG,http://www.construtoragaldina.com.br/
634,CONSTRUTORA FÓRMULA,(31) 3324-1575,Belo Horizonte - MG,http://construtoraformula.com.br/
635,Condomínio Primavera Morumbi,(11) 3816-4288,São Paulo - SP,https://marquesconstrutora.com.br/primavera-morumbi/
636,Emccamp Residencial,0800 200 7070,Belo Horizonte - MG,https://www.emccamp.com.br/
637,Construtora Just,(44) 3028-2331,Maringá - PR,http://www.construtorajust.com.br/
638,Edificart,(47) 3348-1775,Itajaí - SC,http://www.edificart.com.br/
639,Realiza Construtora Uberlandia MG,(34) 3212-2311,Uberlândia - MG,http://www.realizaconstrutora.com.br/
640,Terrassa,(47) 3344-1177,Itajaí - SC,http://terrassa.com.br/
641,Tap Construtora,(16) 3421-6562,Ribeirão Preto - SP,http://tapconstrutora.com.br/
642,Etore Residencial,(11) 94750-2366,Santo André - SP,http://maccrisconstrutora.com.br/residencial-etore/
643,Construtora Galdina,(31) 97122-5247,Pedro Leopoldo - MG,https://www.construtoragaldina.com.br/
644,Construtora Galdina,(31) 2552-6668,Belo Horizonte - MG,http://www.construtoragaldina.com.br/
645,CONSTRUTORA FÓRMULA,(31) 3324-1575,Belo Horizonte - MG,http://construtoraformula.com.br/
646,Condomínio Primavera Morumbi,(11) 3816-4288,São Paulo - SP,https://marquesconstrutora.com.br/primavera-morumbi/
647,Emccamp Residencial,0800 200 7070,Belo Horizonte - MG,https://www.emccamp.com.br/
648,Construtora Just,(44) 3028-2331,Maringá - PR,http://www.construtorajust.com.br/
649,Edificart,(47) 3348-1775,Itajaí - SC,http://www.edificart.com.br/
650,Realiza Construtora Uberlandia MG,(34) 3212-2311,Uberlândia - MG,http://www.realizaconstrutora.com.br/
651,Terrassa,(47) 3344-1177,Itajaí - SC,http://terrassa.com.br/
652,Tap Construtora,(16) 3421-6562,Ribeirão Preto - SP,http://tapconstrutora.com.br/
653,Etore Residencial,(11) 94750-2366,Santo André - SP,http://maccrisconstrutora.com.br/residencial-etore/
654,Construtora Galdina,(31) 97122-5247,Pedro Leopoldo - MG,https://www.construtoragaldina.com.br/
655,Construtora Galdina,(31) 2552-6668,Belo Horizonte - MG,http://www.construtoragaldina.com.br/
656,CONSTRUTORA FÓRMULA,(31) 3324-1575,Belo Horizonte - MG,http://construtoraformula.com.br/
657,Condomínio Primavera Morumbi,(11) 3816-4288,São Paulo - SP,https://marquesconstrutora.com.br/primavera-morumbi/
658,Emccamp Residencial,0800 200 7070,Belo Horizonte - MG,https://www.emccamp.com.br/
659,Construtora Just,(44) 3028-2331,Maringá - PR,http://www.construtorajust.com.br/
660,Edificart,(47) 3348-1775,Itajaí - SC,http://www.edificart.com.br/
661,Realiza Construtora Uberlandia MG,(34) 3212-2311,Uberlândia - MG,http://www.realizaconstrutora.com.br/
662,Terrassa,(47) 3344-1177,Itajaí - SC,http://terrassa.com.br/
663,Tap Construtora,(16) 3421-6562,Ribeirão Preto - SP,http://tapconstrutora.com.br/
664,Etore Residencial,(11) 94750-2366,Santo André - SP,http://maccrisconstrutora.com.br/residencial-etore/
665,Construtora Galdina,(31) 97122-5247,Pedro Leopoldo - MG,https://www.construtoragaldina.com.br/
666,Construtora Galdina,(31) 2552-6668,Belo Horizonte - MG,http://www.construtoragaldina.com.br/
667,CONSTRUTORA FÓRMULA,(31) 3324-1575,Belo Horizonte - MG,http://construtoraformula.com.br/
668,Condomínio Primavera Morumbi,(11) 3816-4288,São Paulo - SP,https://marquesconstrutora.com.br/primavera-morumbi/
669,Emccamp Residencial,0800 200 7070,Belo Horizonte - MG,https://www.emccamp.com.br/
670,Construtora Just,(44) 3028-2331,Maringá - PR,http://www.construtorajust.com.br/
671,Edificart,(47) 3348-1775,Itajaí - SC,http://www.edificart.com.br/
672,Realiza Construtora Uberlandia MG,(34) 3212-2311,Uberlândia - MG,http://www.realizaconstrutora.com.br/
673,Terrassa,(47) 3344-1177,Itajaí - SC,http://terrassa.com.br/
674,Tap Construtora,(16) 3421-6562,Ribeirão Preto - SP,http://tapconstrutora.com.br/
675,Etore Residencial,(11) 94750-2366,Santo André - SP,http://maccrisconstrutora.com.br/residencial-etore/
676,Construtora Galdina,(31) 97122-5247,Pedro Leopoldo - MG,https://www.construtoragaldina.com.br/
